"Booking Date","Value Date","Partner Name","Partner Iban","Type","Payment Reference","Account Name","Amount (EUR)","Original Amount","Original Currency","Exchange Rate"
"2026-08-01","2026-08-01","Bonifico a IMMOBILIARE CASA BELLA SRL per AFFITTO 08/2026","IT60X0542811101000000123456","Outgoing Transfer","Bonifico SEPA","Main Account","-750.00","","",""
"2026-08-01","2026-08-01","LIDL ITALIA","","Presentment","","Main Account","-58.60","","",""
"2026-08-05","2026-08-05","NETFLIX.COM AMSTERDAM","","Presentment","","Main Account","-17.99","","",""
"2026-08-05","2026-08-05","TRENITALIA WEB","","Presentment","","Main Account","-26.62","","",""
"2026-08-06","2026-08-06","SPOTIFY AB STOCKHOLM","","Presentment","","Main Account","-10.99","","",""
"2026-08-08","2026-08-08","ATM MILANO","","Presentment","","Main Account","-2.20","","",""
"2026-08-09","2026-08-09","ENI STATION 1043","","Presentment","","Main Account","-50.48","","",""
"2026-08-11","2026-08-11","ESSELUNGA MILANO","","Presentment","","Main Account","-35.86","","",""
"2026-08-12","2026-08-12","ENEL ENERGIA SPA bolletta luce 08/2026","IT60X0542811101000000123456","Direct Debit","Addebito SDD","Main Account","-69.95","","",""
"2026-08-12","2026-08-12","CONAD CITY","","Presentment","","Main Account","-17.74","","",""
"2026-08-12","2026-08-12","CARREFOUR EXPRESS","","Presentment","","Main Account","-9.88","","",""
"2026-08-13","2026-08-13","LIDL ITALIA","","Presentment","","Main Account","-58.53","","",""
"2026-08-14","2026-08-14","A2A ENERGIA gas","IT60X0542811101000000123456","Direct Debit","Addebito SDD","Main Account","-41.33","","",""
"2026-08-15","2026-08-15","TELEPASS SPA","","Presentment","","Main Account","-38.54","","",""
"2026-08-17","2026-08-17","PIZZERIA NAPOLI","","Presentment","","Main Account","-33.09","","",""
"2026-08-18","2026-08-18","ILIAD ITALIA SPA ricarica","IT60X0542811101000000123456","Direct Debit","Addebito SDD","Main Account","-9.99","","",""
"2026-08-18","2026-08-18","CONAD CITY","","Presentment","","Main Account","-52.28","","",""
"2026-08-20","2026-08-20","Giroconto verso conto deposito","IT60X0542811101000000123456","Outgoing Transfer","Giroconto","Main Account","-200.00","","",""
"2026-08-20","2026-08-20","ESSELUNGA MILANO","","Presentment","","Main Account","-72.73","","",""
"2026-08-21","2026-08-21","TELEPASS SPA","","Presentment","","Main Account","-17.39","","",""
"2026-08-23","2026-08-23","ENI STATION 1043","","Presentment","","Main Account","-66.28","","",""
"2026-08-25","2026-08-25","ESSELUNGA MILANO","","Presentment","","Main Account","-34.75","","",""
"2026-08-27","2026-08-27","Bonifico da ACME SPA per STIPENDIO 08/2026","IT60X0542811101000000123456","Income","Bonifico SEPA","Main Account","2200.00","","",""
"2026-08-27","2026-08-27","LIDL ITALIA","","Presentment","","Main Account","-29.21","","",""
"2026-08-28","2026-08-28","COMMISSIONI BONIFICO","IT60X0542811101000000123456","Fee","Commissioni","Main Account","-1.91","","",""
