Data operazione;Descrizione;Importo
01/09/2026;Rata mutuo Intesa Sanpaolo;-858,40
02/09/2026;Esselunga spesa;-36,20
02/09/2026;Giroconto verso conto deposito;-300,00
03/09/2026;Premio assicurazione casa UnipolSai;-24,50
05/09/2026;Eni carburante;-72,10
05/09/2026;Rata prestito auto Agos;-276,60
08/09/2026;Enel Energia bolletta luce e gas;-59,22
10/09/2026;Giroconto verso conto titoli;-250,00
10/09/2026;Lidl spesa;-69,70
12/09/2026;TIM fibra casa;-32,90
13/09/2026;Q8 carburante;-52,07
15/09/2026;Addebito estratto conto carta Visa;-1.364,45
16/09/2026;Contributo fondo pensione Cometa;-100,00
16/09/2026;Esselunga spesa;-56,76
18/09/2026;Iliad ricarica mobile;-9,99
20/09/2026;Palestra FitActive;-34,90
20/09/2026;Premio polizza salute Allianz;-420,00
24/09/2026;Farmacia Comunale;-110,82
27/09/2026;Lidl spesa;-76,84
27/09/2026;Stipendio ACME S.p.A.;2.600,00
01/10/2026;Rata mutuo Intesa Sanpaolo;-858,40
02/10/2026;Giroconto verso conto deposito;-300,00
03/10/2026;Premio assicurazione casa UnipolSai;-24,50
05/10/2026;Rata prestito auto Agos;-276,60
06/10/2026;Coop spesa;-118,60
08/10/2026;Enel Energia bolletta luce e gas;-79,71
