id;date;description;amount;currency;type;category;counterparty;tags;is_recurring;recurrence;recurrence_end;notes;bank_description
2;2025-04-01;Rata mutuo;858.4;EUR;expense;Casa;Intesa Sanpaolo;;True;monthly;;;
19;2025-04-01;Premio assicurazione casa;24.5;EUR;expense;Assicurazioni;UnipolSai;;True;monthly;;;
9;2025-04-02;Giroconto conto deposito;300.0;EUR;transfer;Risparmio;Illimity;;False;;;;
6;2025-04-03;Netflix;13.99;EUR;expense;Abbonamenti;Netflix;;True;monthly;;;
3;2025-04-05;Rata prestito auto;276.6;EUR;expense;Prestiti;Agos;;True;monthly;;;
11;2025-04-05;Esselunga;101.31;EUR;expense;Alimentari;Esselunga;;False;;;;
17;2025-04-05;Prelievo bancomat;100.0;EUR;transfer;Contanti;Bancomat;;False;;;;
4;2025-04-08;Enel Energia — bolletta luce e gas;49.76;EUR;expense;Bollette;Enel Energia;;True;monthly;;;
10;2025-04-10;Versamento fondo pensione;100.0;EUR;expense;Investimenti;Cometa;;False;;;;
12;2025-04-11;Lidl;91.33;EUR;expense;Alimentari;Lidl;;False;;;;
18;2025-04-11;Dividendo VWCE;53.08;EUR;income;Dividendi;Vanguard;;False;;;;
5;2025-04-12;TIM fibra;29.9;EUR;expense;Bollette;TIM;;True;monthly;;;
13;2025-04-12;Pizzeria Napoli;12.15;EUR;expense;Ristoranti;Pizzeria Napoli;;False;;;;
14;2025-04-13;Q8;68.59;EUR;expense;Trasporti;Q8;;False;;;;
7;2025-04-18;Spotify;10.99;EUR;expense;Abbonamenti;Spotify;;True;monthly;;;
15;2025-04-18;Esselunga;96.11;EUR;expense;Alimentari;Esselunga;;False;;;;
8;2025-04-20;Palestra FitActive;34.9;EUR;expense;Salute;FitActive;;True;monthly;;;
16;2025-04-23;Lidl;53.86;EUR;expense;Alimentari;Lidl;;False;;;;
1;2025-04-27;Stipendio ACME S.p.A.;2450.0;EUR;income;Stipendio;ACME S.p.A.;;True;monthly;;;
21;2025-05-01;Rata mutuo;858.4;EUR;expense;Casa;Intesa Sanpaolo;;True;monthly;;;
41;2025-05-01;Premio assicurazione casa;24.5;EUR;expense;Assicurazioni;UnipolSai;;True;monthly;;;
28;2025-05-02;Giroconto conto deposito;300.0;EUR;transfer;Risparmio;Illimity;;False;;;;
25;2025-05-03;Netflix;13.99;EUR;expense;Abbonamenti;Netflix;;True;monthly;;;
22;2025-05-05;Rata prestito auto;276.6;EUR;expense;Prestiti;Agos;;True;monthly;;;
30;2025-05-05;Conad;56.57;EUR;expense;Alimentari;Conad;;False;;;;
31;2025-05-06;Sushi Ko;13.43;EUR;expense;Ristoranti;Sushi Ko;;False;;;;
23;2025-05-08;Enel Energia — bolletta luce e gas;48.59;EUR;expense;Bollette;Enel Energia;;True;monthly;;;
38;2025-05-09;IKEA;85.81;EUR;expense;Shopping;IKEA;;False;;;;
29;2025-05-10;Versamento fondo pensione;100.0;EUR;expense;Investimenti;Cometa;;False;;;;
32;2025-05-10;Lidl;66.67;EUR;expense;Alimentari;Lidl;;False;;;;
33;2025-05-11;Bar Centrale;62.3;EUR;expense;Ristoranti;Bar Centrale;;False;;;;
24;2025-05-12;TIM fibra;29.9;EUR;expense;Bollette;TIM;;True;monthly;;;
34;2025-05-12;IP Station;70.64;EUR;expense;Trasporti;IP Station;;False;;;;
39;2025-05-13;Cinema UCI;41.33;EUR;expense;Svago;Cinema UCI;;False;;;;
400;2025-05-15;Addebito estratto carta Visa;37.13;EUR;transfer;Carta di credito;Visa;;False;;;;
26;2025-05-18;Spotify;10.99;EUR;expense;Abbonamenti;Spotify;;True;monthly;;;
35;2025-05-18;Conad;98.34;EUR;expense;Alimentari;Conad;;False;;;;
40;2025-05-18;Prelievo bancomat;100.0;EUR;transfer;Contanti;Bancomat;;False;;;;
36;2025-05-19;Bar Centrale;41.75;EUR;expense;Ristoranti;Bar Centrale;;False;;;;
27;2025-05-20;Palestra FitActive;34.9;EUR;expense;Salute;FitActive;;True;monthly;;;
37;2025-05-26;Coop;92.44;EUR;expense;Alimentari;Coop;;False;;;;
20;2025-05-27;Stipendio ACME S.p.A.;2450.0;EUR;income;Stipendio;ACME S.p.A.;;True;monthly;;;
43;2025-06-01;Rata mutuo;858.4;EUR;expense;Casa;Intesa Sanpaolo;;True;monthly;;;
62;2025-06-01;Premio assicurazione casa;24.5;EUR;expense;Assicurazioni;UnipolSai;;True;monthly;;;
50;2025-06-02;Giroconto conto deposito;300.0;EUR;transfer;Risparmio;Illimity;;False;;;;
47;2025-06-03;Netflix;13.99;EUR;expense;Abbonamenti;Netflix;;True;monthly;;;
44;2025-06-05;Rata prestito auto;276.6;EUR;expense;Prestiti;Agos;;True;monthly;;;
52;2025-06-05;Conad;76.98;EUR;expense;Alimentari;Conad;;False;;;;
53;2025-06-07;IP Station;57.57;EUR;expense;Trasporti;IP Station;;False;;;;
45;2025-06-08;Enel Energia — bolletta luce e gas;73.58;EUR;expense;Bollette;Enel Energia;;True;monthly;;;
60;2025-06-09;IKEA;116.51;EUR;expense;Shopping;IKEA;;False;;;;
51;2025-06-10;Versamento fondo pensione;100.0;EUR;expense;Investimenti;Cometa;;False;;;;
54;2025-06-11;Lidl;67.48;EUR;expense;Alimentari;Lidl;;False;;;;
46;2025-06-12;TIM fibra;29.9;EUR;expense;Bollette;TIM;;True;monthly;;;
55;2025-06-12;Sushi Ko;12.54;EUR;expense;Ristoranti;Sushi Ko;;False;;;;
56;2025-06-13;IP Station;73.62;EUR;expense;Trasporti;IP Station;;False;;;;
401;2025-06-15;Addebito estratto carta Visa;269.6;EUR;transfer;Carta di credito;Visa;;False;;;;
61;2025-06-17;Prelievo bancomat;100.0;EUR;transfer;Contanti;Bancomat;;False;;;;
48;2025-06-18;Spotify;10.99;EUR;expense;Abbonamenti;Spotify;;True;monthly;;;
57;2025-06-19;Lidl;62.0;EUR;expense;Alimentari;Lidl;;False;;;;
49;2025-06-20;Palestra FitActive;34.9;EUR;expense;Salute;FitActive;;True;monthly;;;
58;2025-06-20;Bar Centrale;39.07;EUR;expense;Ristoranti;Bar Centrale;;False;;;;
59;2025-06-25;Lidl;76.84;EUR;expense;Alimentari;Lidl;;False;;;;
42;2025-06-27;Stipendio ACME S.p.A.;2450.0;EUR;income;Stipendio;ACME S.p.A.;;True;monthly;;;
64;2025-07-01;Rata mutuo;858.4;EUR;expense;Casa;Intesa Sanpaolo;;True;monthly;;;
84;2025-07-01;Premio assicurazione casa;24.5;EUR;expense;Assicurazioni;UnipolSai;;True;monthly;;;
71;2025-07-02;Giroconto conto deposito;300.0;EUR;transfer;Risparmio;Illimity;;False;;;;
73;2025-07-02;Lidl;98.18;EUR;expense;Alimentari;Lidl;;False;;;;
68;2025-07-03;Netflix;13.99;EUR;expense;Abbonamenti;Netflix;;True;monthly;;;
74;2025-07-03;Ristorante Da Mario;49.62;EUR;expense;Ristoranti;Ristorante Da Mario;;False;;;;
65;2025-07-05;Rata prestito auto;276.6;EUR;expense;Prestiti;Agos;;True;monthly;;;
82;2025-07-05;Prelievo bancomat;100.0;EUR;transfer;Contanti;Bancomat;;False;;;;
66;2025-07-08;Enel Energia — bolletta luce e gas;81.88;EUR;expense;Bollette;Enel Energia;;True;monthly;;;
72;2025-07-10;Versamento fondo pensione;100.0;EUR;expense;Investimenti;Cometa;;False;;;;
75;2025-07-10;Esselunga;49.59;EUR;expense;Alimentari;Esselunga;;False;;;;
67;2025-07-12;TIM fibra;29.9;EUR;expense;Bollette;TIM;;True;monthly;;;
76;2025-07-12;Eni carburante;43.23;EUR;expense;Trasporti;Eni carburante;;False;;;;
402;2025-07-15;Addebito estratto carta Visa;193.1;EUR;transfer;Carta di credito;Visa;;False;;;;
69;2025-07-18;Spotify;10.99;EUR;expense;Abbonamenti;Spotify;;True;monthly;;;
77;2025-07-18;Esselunga;80.76;EUR;expense;Alimentari;Esselunga;;False;;;;
78;2025-07-19;Ristorante Da Mario;48.02;EUR;expense;Ristoranti;Ristorante Da Mario;;False;;;;
70;2025-07-20;Palestra FitActive;34.9;EUR;expense;Salute;FitActive;;True;monthly;;;
81;2025-07-21;Zalando;154.16;EUR;expense;Shopping;Zalando;;False;;;;
79;2025-07-24;Conad;46.61;EUR;expense;Alimentari;Conad;;False;;;;
80;2025-07-25;Bar Centrale;52.01;EUR;expense;Ristoranti;Bar Centrale;;False;;;;
83;2025-07-25;Premio polizza vita;180.0;EUR;expense;Assicurazioni;Generali;;False;;;;
63;2025-07-27;Stipendio ACME S.p.A.;2450.0;EUR;income;Stipendio;ACME S.p.A.;;True;monthly;;;
86;2025-08-01;Rata mutuo;858.4;EUR;expense;Casa;Intesa Sanpaolo;;True;monthly;;;
108;2025-08-01;Premio assicurazione casa;24.5;EUR;expense;Assicurazioni;UnipolSai;;True;monthly;;;
93;2025-08-02;Giroconto conto deposito;300.0;EUR;transfer;Risparmio;Illimity;;False;;;;
95;2025-08-02;Coop;93.76;EUR;expense;Alimentari;Coop;;False;;;;
90;2025-08-03;Netflix;13.99;EUR;expense;Abbonamenti;Netflix;;True;monthly;;;
96;2025-08-04;Q8;53.66;EUR;expense;Trasporti;Q8;;False;;;;
87;2025-08-05;Rata prestito auto;276.6;EUR;expense;Prestiti;Agos;;True;monthly;;;
88;2025-08-08;Enel Energia — bolletta luce e gas;61.71;EUR;expense;Bollette;Enel Energia;;True;monthly;;;
106;2025-08-08;Prelievo bancomat;100.0;EUR;transfer;Contanti;Bancomat;;False;;;;
97;2025-08-09;Coop;63.2;EUR;expense;Alimentari;Coop;;False;;;;
107;2025-08-09;Volo e hotel vacanze;922.62;EUR;expense;Viaggi;Booking.com;;False;;;;
94;2025-08-10;Versamento fondo pensione;100.0;EUR;expense;Investimenti;Cometa;;False;;;;
98;2025-08-11;Eni carburante;41.8;EUR;expense;Trasporti;Eni carburante;;False;;;;
89;2025-08-12;TIM fibra;29.9;EUR;expense;Bollette;TIM;;True;monthly;;;
403;2025-08-15;Addebito estratto carta Visa;328.79;EUR;transfer;Carta di credito;Visa;;False;;;;
99;2025-08-17;Conad;105.09;EUR;expense;Alimentari;Conad;;False;;;;
91;2025-08-18;Spotify;10.99;EUR;expense;Abbonamenti;Spotify;;True;monthly;;;
105;2025-08-18;Farmacia;47.26;EUR;expense;Salute;Farmacia;detraibile;False;;;;
100;2025-08-19;Q8;51.47;EUR;expense;Trasporti;Q8;;False;;;;
92;2025-08-20;Palestra FitActive;34.9;EUR;expense;Salute;FitActive;;True;monthly;;;
103;2025-08-22;Zalando;80.71;EUR;expense;Shopping;Zalando;;False;;;;
101;2025-08-24;Lidl;59.45;EUR;expense;Alimentari;Lidl;;False;;;;
102;2025-08-25;Bar Centrale;45.15;EUR;expense;Ristoranti;Bar Centrale;;False;;;;
104;2025-08-25;Teatro;43.92;EUR;expense;Svago;Teatro;;False;;;;
85;2025-08-27;Stipendio ACME S.p.A.;2450.0;EUR;income;Stipendio;ACME S.p.A.;;True;monthly;;;
111;2025-09-01;Rata mutuo;858.4;EUR;expense;Casa;Intesa Sanpaolo;;True;monthly;;;
131;2025-09-01;Premio assicurazione casa;24.5;EUR;expense;Assicurazioni;UnipolSai;;True;monthly;;;
118;2025-09-02;Giroconto conto deposito;300.0;EUR;transfer;Risparmio;Illimity;;False;;;;
115;2025-09-03;Netflix;13.99;EUR;expense;Abbonamenti;Netflix;;True;monthly;;;
120;2025-09-04;Coop;71.29;EUR;expense;Alimentari;Coop;;False;;;;
112;2025-09-05;Rata prestito auto;276.6;EUR;expense;Prestiti;Agos;;True;monthly;;;
121;2025-09-06;IP Station;58.55;EUR;expense;Trasporti;IP Station;;False;;;;
113;2025-09-08;Enel Energia — bolletta luce e gas;78.56;EUR;expense;Bollette;Enel Energia;;True;monthly;;;
129;2025-09-08;Libreria Feltrinelli;42.28;EUR;expense;Svago;Libreria Feltrinelli;;False;;;;
119;2025-09-10;Versamento fondo pensione;100.0;EUR;expense;Investimenti;Cometa;;False;;;;
114;2025-09-12;TIM fibra;29.9;EUR;expense;Bollette;TIM;;True;monthly;;;
122;2025-09-12;Coop;47.03;EUR;expense;Alimentari;Coop;;False;;;;
123;2025-09-14;Q8;58.66;EUR;expense;Trasporti;Q8;;False;;;;
128;2025-09-14;Amazon;138.7;EUR;expense;Shopping;Amazon;;False;;;;
110;2025-09-15;Fattura consulenza;926.86;EUR;income;Lavoro autonomo;Studio Rossi;lavoro;False;;;;
124;2025-09-15;Lidl;57.87;EUR;expense;Alimentari;Lidl;;False;;;;
404;2025-09-15;Addebito estratto carta Visa;1117.38;EUR;transfer;Carta di credito;Visa;;False;;;;
125;2025-09-16;Sushi Ko;38.91;EUR;expense;Ristoranti;Sushi Ko;;False;;;;
116;2025-09-18;Spotify;10.99;EUR;expense;Abbonamenti;Spotify;;True;monthly;;;
117;2025-09-20;Palestra FitActive;34.9;EUR;expense;Salute;FitActive;;True;monthly;;;
130;2025-09-24;Prelievo bancomat;100.0;EUR;transfer;Contanti;Bancomat;;False;;;;
126;2025-09-25;Conad;70.08;EUR;expense;Alimentari;Conad;;False;;;;
127;2025-09-26;Bar Centrale;37.79;EUR;expense;Ristoranti;Bar Centrale;;False;;;;
109;2025-09-27;Stipendio ACME S.p.A.;2450.0;EUR;income;Stipendio;ACME S.p.A.;;True;monthly;;;
133;2025-10-01;Rata mutuo;858.4;EUR;expense;Casa;Intesa Sanpaolo;;True;monthly;;;
142;2025-10-01;Conad;98.49;EUR;expense;Alimentari;Conad;;False;;;;
153;2025-10-01;Premio assicurazione casa;24.5;EUR;expense;Assicurazioni;UnipolSai;;True;monthly;;;
140;2025-10-02;Giroconto conto deposito;300.0;EUR;transfer;Risparmio;Illimity;;False;;;;
143;2025-10-02;Pizzeria Napoli;18.36;EUR;expense;Ristoranti;Pizzeria Napoli;;False;;;;
137;2025-10-03;Netflix;13.99;EUR;expense;Abbonamenti;Netflix;;True;monthly;;;
152;2025-10-03;Prelievo bancomat;100.0;EUR;transfer;Contanti;Bancomat;;False;;;;
134;2025-10-05;Rata prestito auto;276.6;EUR;expense;Prestiti;Agos;;True;monthly;;;
135;2025-10-08;Enel Energia — bolletta luce e gas;52.3;EUR;expense;Bollette;Enel Energia;;True;monthly;;;
141;2025-10-10;Versamento fondo pensione;100.0;EUR;expense;Investimenti;Cometa;;False;;;;
136;2025-10-12;TIM fibra;29.9;EUR;expense;Bollette;TIM;;True;monthly;;;
144;2025-10-12;Coop;77.74;EUR;expense;Alimentari;Coop;;False;;;;
145;2025-10-13;Pizzeria Napoli;17.88;EUR;expense;Ristoranti;Pizzeria Napoli;;False;;;;
146;2025-10-14;Q8;45.99;EUR;expense;Trasporti;Q8;;False;;;;
405;2025-10-15;Addebito estratto carta Visa;282.66;EUR;transfer;Carta di credito;Visa;;False;;;;
138;2025-10-18;Spotify;10.99;EUR;expense;Abbonamenti;Spotify;;True;monthly;;;
139;2025-10-20;Palestra FitActive;34.9;EUR;expense;Salute;FitActive;;True;monthly;;;
147;2025-10-20;Esselunga;91.93;EUR;expense;Alimentari;Esselunga;;False;;;;
148;2025-10-22;IP Station;43.72;EUR;expense;Trasporti;IP Station;;False;;;;
149;2025-10-24;Conad;79.11;EUR;expense;Alimentari;Conad;;False;;;;
150;2025-10-25;Sushi Ko;21.36;EUR;expense;Ristoranti;Sushi Ko;;False;;;;
151;2025-10-26;Eni carburante;54.41;EUR;expense;Trasporti;Eni carburante;;False;;;;
132;2025-10-27;Stipendio ACME S.p.A.;2450.0;EUR;income;Stipendio;ACME S.p.A.;;True;monthly;;;
155;2025-11-01;Rata mutuo;858.4;EUR;expense;Casa;Intesa Sanpaolo;;True;monthly;;;
176;2025-11-01;Premio assicurazione casa;24.5;EUR;expense;Assicurazioni;UnipolSai;;True;monthly;;;
162;2025-11-02;Giroconto conto deposito;300.0;EUR;transfer;Risparmio;Illimity;;False;;;;
164;2025-11-02;Esselunga;58.24;EUR;expense;Alimentari;Esselunga;;False;;;;
159;2025-11-03;Netflix;13.99;EUR;expense;Abbonamenti;Netflix;;True;monthly;;;
165;2025-11-03;Sushi Ko;30.27;EUR;expense;Ristoranti;Sushi Ko;;False;;;;
175;2025-11-03;Prelievo bancomat;100.0;EUR;transfer;Contanti;Bancomat;;False;;;;
166;2025-11-04;IP Station;62.92;EUR;expense;Trasporti;IP Station;;False;;;;
156;2025-11-05;Rata prestito auto;276.6;EUR;expense;Prestiti;Agos;;True;monthly;;;
157;2025-11-08;Enel Energia — bolletta luce e gas;76.88;EUR;expense;Bollette;Enel Energia;;True;monthly;;;
163;2025-11-10;Versamento fondo pensione;100.0;EUR;expense;Investimenti;Cometa;;False;;;;
158;2025-11-12;TIM fibra;29.9;EUR;expense;Bollette;TIM;;True;monthly;;;
167;2025-11-12;Esselunga;104.36;EUR;expense;Alimentari;Esselunga;;False;;;;
168;2025-11-13;Pizzeria Napoli;46.46;EUR;expense;Ristoranti;Pizzeria Napoli;;False;;;;
169;2025-11-14;IP Station;70.74;EUR;expense;Trasporti;IP Station;;False;;;;
406;2025-11-15;Addebito estratto carta Visa;82.58;EUR;transfer;Carta di credito;Visa;;False;;;;
160;2025-11-18;Spotify;10.99;EUR;expense;Abbonamenti;Spotify;;True;monthly;;;
174;2025-11-19;Visita dentista;111.63;EUR;expense;Salute;Visita dentista;detraibile;False;;;;
161;2025-11-20;Palestra FitActive;34.9;EUR;expense;Salute;FitActive;;True;monthly;;;
170;2025-11-20;Conad;99.6;EUR;expense;Alimentari;Conad;;False;;;;
171;2025-11-25;Conad;106.03;EUR;expense;Alimentari;Conad;;False;;;;
172;2025-11-26;Bar Centrale;62.95;EUR;expense;Ristoranti;Bar Centrale;;False;;;;
154;2025-11-27;Stipendio ACME S.p.A.;2450.0;EUR;income;Stipendio;ACME S.p.A.;;True;monthly;;;
173;2025-11-27;Q8;50.13;EUR;expense;Trasporti;Q8;;False;;;;
178;2025-12-01;Rata mutuo;858.4;EUR;expense;Casa;Intesa Sanpaolo;;True;monthly;;;
198;2025-12-01;Premio assicurazione casa;24.5;EUR;expense;Assicurazioni;UnipolSai;;True;monthly;;;
185;2025-12-02;Giroconto conto deposito;300.0;EUR;transfer;Risparmio;Illimity;;False;;;;
182;2025-12-03;Netflix;13.99;EUR;expense;Abbonamenti;Netflix;;True;monthly;;;
187;2025-12-03;Coop;77.06;EUR;expense;Alimentari;Coop;;False;;;;
179;2025-12-05;Rata prestito auto;276.6;EUR;expense;Prestiti;Agos;;True;monthly;;;
188;2025-12-05;IP Station;44.29;EUR;expense;Trasporti;IP Station;;False;;;;
196;2025-12-07;Prelievo bancomat;100.0;EUR;transfer;Contanti;Bancomat;;False;;;;
180;2025-12-08;Enel Energia — bolletta luce e gas;135.06;EUR;expense;Bollette;Enel Energia;;True;monthly;;;
189;2025-12-08;Coop;74.19;EUR;expense;Alimentari;Coop;;False;;;;
190;2025-12-09;Sushi Ko;13.67;EUR;expense;Ristoranti;Sushi Ko;;False;;;;
186;2025-12-10;Versamento fondo pensione;100.0;EUR;expense;Investimenti;Cometa;;False;;;;
181;2025-12-12;TIM fibra;29.9;EUR;expense;Bollette;TIM;;True;monthly;;;
194;2025-12-14;Zalando;51.96;EUR;expense;Shopping;Zalando;;False;;;;
197;2025-12-15;Regali di Natale;438.85;EUR;expense;Shopping;Vari;;False;;;;
407;2025-12-15;Addebito estratto carta Visa;164.66;EUR;transfer;Carta di credito;Visa;;False;;;;
191;2025-12-17;Lidl;63.81;EUR;expense;Alimentari;Lidl;;False;;;;
183;2025-12-18;Spotify;10.99;EUR;expense;Abbonamenti;Spotify;;True;monthly;;;
192;2025-12-18;Bar Centrale;50.43;EUR;expense;Ristoranti;Bar Centrale;;False;;;;
184;2025-12-20;Palestra FitActive;34.9;EUR;expense;Salute;FitActive;;True;monthly;;;
193;2025-12-23;Esselunga;84.62;EUR;expense;Alimentari;Esselunga;;False;;;;
195;2025-12-23;Libreria Feltrinelli;30.89;EUR;expense;Svago;Libreria Feltrinelli;;False;;;;
177;2025-12-27;Stipendio ACME S.p.A.;4900.0;EUR;income;Stipendio;ACME S.p.A.;;True;monthly;;;
200;2026-01-01;Rata mutuo;858.4;EUR;expense;Casa;Intesa Sanpaolo;;True;monthly;;;
220;2026-01-01;Premio assicurazione casa;24.5;EUR;expense;Assicurazioni;UnipolSai;;True;monthly;;;
207;2026-01-02;Giroconto conto deposito;300.0;EUR;transfer;Risparmio;Illimity;;False;;;;
209;2026-01-02;Esselunga;83.77;EUR;expense;Alimentari;Esselunga;;False;;;;
204;2026-01-03;Netflix;13.99;EUR;expense;Abbonamenti;Netflix;;True;monthly;;;
201;2026-01-05;Rata prestito auto;276.6;EUR;expense;Prestiti;Agos;;True;monthly;;;
202;2026-01-08;Enel Energia — bolletta luce e gas;141.24;EUR;expense;Bollette;Enel Energia;;True;monthly;;;
208;2026-01-10;Versamento fondo pensione;100.0;EUR;expense;Investimenti;Cometa;;False;;;;
210;2026-01-10;Conad;82.48;EUR;expense;Alimentari;Conad;;False;;;;
217;2026-01-11;Ottico;82.74;EUR;expense;Salute;Ottico;detraibile;False;;;;
203;2026-01-12;TIM fibra;29.9;EUR;expense;Bollette;TIM;;True;monthly;;;
211;2026-01-12;IP Station;69.42;EUR;expense;Trasporti;IP Station;;False;;;;
408;2026-01-15;Addebito estratto carta Visa;610.78;EUR;transfer;Carta di credito;Visa;;False;;;;
205;2026-01-18;Spotify;10.99;EUR;expense;Abbonamenti;Spotify;;True;monthly;;;
218;2026-01-18;Prelievo bancomat;100.0;EUR;transfer;Contanti;Bancomat;;False;;;;
206;2026-01-20;Palestra FitActive;34.9;EUR;expense;Salute;FitActive;;True;monthly;;;
212;2026-01-20;Coop;70.29;EUR;expense;Alimentari;Coop;;False;;;;
216;2026-01-20;IKEA;145.58;EUR;expense;Shopping;IKEA;;False;;;;
213;2026-01-23;Lidl;88.05;EUR;expense;Alimentari;Lidl;;False;;;;
214;2026-01-24;Pizzeria Napoli;44.57;EUR;expense;Ristoranti;Pizzeria Napoli;;False;;;;
215;2026-01-25;Eni carburante;53.12;EUR;expense;Trasporti;Eni carburante;;False;;;;
219;2026-01-25;Premio polizza vita;180.0;EUR;expense;Assicurazioni;Generali;;False;;;;
199;2026-01-27;Stipendio ACME S.p.A.;2450.0;EUR;income;Stipendio;ACME S.p.A.;;True;monthly;;;
222;2026-02-01;Rata mutuo;858.4;EUR;expense;Casa;Intesa Sanpaolo;;True;monthly;;;
242;2026-02-01;Premio assicurazione casa;24.5;EUR;expense;Assicurazioni;UnipolSai;;True;monthly;;;
229;2026-02-02;Giroconto conto deposito;300.0;EUR;transfer;Risparmio;Illimity;;False;;;;
226;2026-02-03;Netflix;13.99;EUR;expense;Abbonamenti;Netflix;;True;monthly;;;
231;2026-02-03;Lidl;94.65;EUR;expense;Alimentari;Lidl;;False;;;;
223;2026-02-05;Rata prestito auto;276.6;EUR;expense;Prestiti;Agos;;True;monthly;;;
232;2026-02-05;Q8;59.14;EUR;expense;Trasporti;Q8;;False;;;;
224;2026-02-08;Enel Energia — bolletta luce e gas;177.26;EUR;expense;Bollette;Enel Energia;;True;monthly;;;
230;2026-02-10;Versamento fondo pensione;100.0;EUR;expense;Investimenti;Cometa;;False;;;;
233;2026-02-10;Coop;88.6;EUR;expense;Alimentari;Coop;;False;;;;
234;2026-02-11;Ristorante Da Mario;42.94;EUR;expense;Ristoranti;Ristorante Da Mario;;False;;;;
225;2026-02-12;TIM fibra;29.9;EUR;expense;Bollette;TIM;;True;monthly;;;
241;2026-02-14;Prelievo bancomat;100.0;EUR;transfer;Contanti;Bancomat;;False;;;;
240;2026-02-15;Visita dentista;104.29;EUR;expense;Salute;Visita dentista;detraibile;False;;;;
409;2026-02-15;Addebito estratto carta Visa;215.13;EUR;transfer;Carta di credito;Visa;;False;;;;
227;2026-02-18;Spotify;10.99;EUR;expense;Abbonamenti;Spotify;;True;monthly;;;
228;2026-02-20;Palestra FitActive;34.9;EUR;expense;Salute;FitActive;;True;monthly;;;
235;2026-02-20;Conad;77.95;EUR;expense;Alimentari;Conad;;False;;;;
236;2026-02-22;IP Station;68.42;EUR;expense;Trasporti;IP Station;;False;;;;
221;2026-02-27;Stipendio ACME S.p.A.;2450.0;EUR;income;Stipendio;ACME S.p.A.;;True;monthly;;;
237;2026-02-27;Coop;107.39;EUR;expense;Alimentari;Coop;;False;;;;
238;2026-02-28;Pizzeria Napoli;54.49;EUR;expense;Ristoranti;Pizzeria Napoli;;False;;;;
239;2026-03-01;Q8;50.86;EUR;expense;Trasporti;Q8;;False;;;;
245;2026-03-01;Rata mutuo;858.4;EUR;expense;Casa;Intesa Sanpaolo;;True;monthly;;;
266;2026-03-01;Premio assicurazione casa;24.5;EUR;expense;Assicurazioni;UnipolSai;;True;monthly;;;
252;2026-03-02;Giroconto conto deposito;300.0;EUR;transfer;Risparmio;Illimity;;False;;;;
249;2026-03-03;Netflix;13.99;EUR;expense;Abbonamenti;Netflix;;True;monthly;;;
246;2026-03-05;Rata prestito auto;276.6;EUR;expense;Prestiti;Agos;;True;monthly;;;
254;2026-03-06;Esselunga;98.55;EUR;expense;Alimentari;Esselunga;;False;;;;
247;2026-03-08;Enel Energia — bolletta luce e gas;60.54;EUR;expense;Bollette;Enel Energia;;True;monthly;;;
253;2026-03-10;Versamento fondo pensione;100.0;EUR;expense;Investimenti;Cometa;;False;;;;
255;2026-03-10;Coop;89.15;EUR;expense;Alimentari;Coop;;False;;;;
256;2026-03-11;Sushi Ko;43.27;EUR;expense;Ristoranti;Sushi Ko;;False;;;;
248;2026-03-12;TIM fibra;29.9;EUR;expense;Bollette;TIM;;True;monthly;;;
257;2026-03-12;Eni carburante;58.02;EUR;expense;Trasporti;Eni carburante;;False;;;;
244;2026-03-15;Fattura consulenza;680.4;EUR;income;Lavoro autonomo;Studio Rossi;lavoro;False;;;;
410;2026-03-15;Addebito estratto carta Visa;122.41;EUR;transfer;Carta di credito;Visa;;False;;;;
264;2026-03-17;Ottico;149.52;EUR;expense;Salute;Ottico;detraibile;False;;;;
250;2026-03-18;Spotify;10.99;EUR;expense;Abbonamenti;Spotify;;True;monthly;;;
251;2026-03-20;Palestra FitActive;34.9;EUR;expense;Salute;FitActive;;True;monthly;;;
258;2026-03-20;Esselunga;98.14;EUR;expense;Alimentari;Esselunga;;False;;;;
259;2026-03-21;Sushi Ko;24.54;EUR;expense;Ristoranti;Sushi Ko;;False;;;;
263;2026-03-21;Cinema UCI;37.78;EUR;expense;Svago;Cinema UCI;;False;;;;
265;2026-03-21;Prelievo bancomat;100.0;EUR;transfer;Contanti;Bancomat;;False;;;;
260;2026-03-22;IP Station;48.69;EUR;expense;Trasporti;IP Station;;False;;;;
261;2026-03-22;Conad;71.34;EUR;expense;Alimentari;Conad;;False;;;;
262;2026-03-25;Decathlon;110.66;EUR;expense;Shopping;Decathlon;;False;;;;
243;2026-03-27;Stipendio ACME S.p.A.;2450.0;EUR;income;Stipendio;ACME S.p.A.;;True;monthly;;;
268;2026-04-01;Rata mutuo;858.4;EUR;expense;Casa;Intesa Sanpaolo;;True;monthly;;;
277;2026-04-01;Esselunga;95.63;EUR;expense;Alimentari;Esselunga;;False;;;;
291;2026-04-01;Premio assicurazione casa;24.5;EUR;expense;Assicurazioni;UnipolSai;;True;monthly;;;
275;2026-04-02;Giroconto conto deposito;300.0;EUR;transfer;Risparmio;Illimity;;False;;;;
272;2026-04-03;Netflix;13.99;EUR;expense;Abbonamenti;Netflix;;True;monthly;;;
278;2026-04-03;IP Station;47.91;EUR;expense;Trasporti;IP Station;;False;;;;
269;2026-04-05;Rata prestito auto;276.6;EUR;expense;Prestiti;Agos;;True;monthly;;;
270;2026-04-08;Enel Energia — bolletta luce e gas;58.8;EUR;expense;Bollette;Enel Energia;;True;monthly;;;
288;2026-04-09;Concerto;24.67;EUR;expense;Svago;Concerto;;False;;;;
276;2026-04-10;Versamento fondo pensione;100.0;EUR;expense;Investimenti;Cometa;;False;;;;
279;2026-04-10;Lidl;72.97;EUR;expense;Alimentari;Lidl;;False;;;;
280;2026-04-11;Bar Centrale;35.38;EUR;expense;Ristoranti;Bar Centrale;;False;;;;
290;2026-04-11;Dividendo VWCE;44.99;EUR;income;Dividendi;Vanguard;;False;;;;
271;2026-04-12;TIM fibra;29.9;EUR;expense;Bollette;TIM;;True;monthly;;;
281;2026-04-12;Q8;47.71;EUR;expense;Trasporti;Q8;;False;;;;
287;2026-04-14;Zalando;66.45;EUR;expense;Shopping;Zalando;;False;;;;
289;2026-04-15;Prelievo bancomat;100.0;EUR;transfer;Contanti;Bancomat;;False;;;;
411;2026-04-15;Addebito estratto carta Visa;241.23;EUR;transfer;Carta di credito;Visa;;False;;;;
273;2026-04-18;Spotify;10.99;EUR;expense;Abbonamenti;Spotify;;True;monthly;;;
274;2026-04-20;Palestra FitActive;34.9;EUR;expense;Salute;FitActive;;True;monthly;;;
282;2026-04-20;Conad;91.91;EUR;expense;Alimentari;Conad;;False;;;;
283;2026-04-21;Bar Centrale;24.35;EUR;expense;Ristoranti;Bar Centrale;;False;;;;
284;2026-04-22;IP Station;62.99;EUR;expense;Trasporti;IP Station;;False;;;;
285;2026-04-23;Lidl;55.07;EUR;expense;Alimentari;Lidl;;False;;;;
286;2026-04-25;Q8;49.23;EUR;expense;Trasporti;Q8;;False;;;;
267;2026-04-27;Stipendio ACME S.p.A.;2450.0;EUR;income;Stipendio;ACME S.p.A.;;True;monthly;;;
293;2026-05-01;Rata mutuo;858.4;EUR;expense;Casa;Intesa Sanpaolo;;True;monthly;;;
311;2026-05-01;Premio assicurazione casa;24.5;EUR;expense;Assicurazioni;UnipolSai;;True;monthly;;;
300;2026-05-02;Giroconto conto deposito;300.0;EUR;transfer;Risparmio;Illimity;;False;;;;
297;2026-05-03;Netflix;13.99;EUR;expense;Abbonamenti;Netflix;;True;monthly;;;
302;2026-05-03;Lidl;60.26;EUR;expense;Alimentari;Lidl;;False;;;;
294;2026-05-05;Rata prestito auto;276.6;EUR;expense;Prestiti;Agos;;True;monthly;;;
295;2026-05-08;Enel Energia — bolletta luce e gas;66.99;EUR;expense;Bollette;Enel Energia;;True;monthly;;;
301;2026-05-10;Versamento fondo pensione;100.0;EUR;expense;Investimenti;Cometa;;False;;;;
296;2026-05-12;TIM fibra;29.9;EUR;expense;Bollette;TIM;;True;monthly;;;
309;2026-05-12;Libreria Feltrinelli;35.75;EUR;expense;Svago;Libreria Feltrinelli;;False;;;;
303;2026-05-13;Coop;66.83;EUR;expense;Alimentari;Coop;;False;;;;
310;2026-05-14;Prelievo bancomat;100.0;EUR;transfer;Contanti;Bancomat;;False;;;;
304;2026-05-15;Q8;65.36;EUR;expense;Trasporti;Q8;;False;;;;
305;2026-05-15;Conad;76.92;EUR;expense;Alimentari;Conad;;False;;;;
412;2026-05-15;Addebito estratto carta Visa;175.83;EUR;transfer;Carta di credito;Visa;;False;;;;
306;2026-05-16;Sushi Ko;45.58;EUR;expense;Ristoranti;Sushi Ko;;False;;;;
298;2026-05-18;Spotify;10.99;EUR;expense;Abbonamenti;Spotify;;True;monthly;;;
299;2026-05-20;Palestra FitActive;34.9;EUR;expense;Salute;FitActive;;True;monthly;;;
307;2026-05-25;Lidl;60.41;EUR;expense;Alimentari;Lidl;;False;;;;
308;2026-05-26;Pizzeria Napoli;48.9;EUR;expense;Ristoranti;Pizzeria Napoli;;False;;;;
292;2026-05-27;Stipendio ACME S.p.A.;2450.0;EUR;income;Stipendio;ACME S.p.A.;;True;monthly;;;
313;2026-06-01;Rata mutuo;858.4;EUR;expense;Casa;Intesa Sanpaolo;;True;monthly;;;
333;2026-06-01;Premio assicurazione casa;24.5;EUR;expense;Assicurazioni;UnipolSai;;True;monthly;;;
320;2026-06-02;Giroconto conto deposito;300.0;EUR;transfer;Risparmio;Illimity;;False;;;;
317;2026-06-03;Netflix;13.99;EUR;expense;Abbonamenti;Netflix;;True;monthly;;;
332;2026-06-03;Prelievo bancomat;100.0;EUR;transfer;Contanti;Bancomat;;False;;;;
314;2026-06-05;Rata prestito auto;276.6;EUR;expense;Prestiti;Agos;;True;monthly;;;
322;2026-06-06;Coop;75.42;EUR;expense;Alimentari;Coop;;False;;;;
323;2026-06-07;Ristorante Da Mario;21.04;EUR;expense;Ristoranti;Ristorante Da Mario;;False;;;;
315;2026-06-08;Enel Energia — bolletta luce e gas;48.16;EUR;expense;Bollette;Enel Energia;;True;monthly;;;
321;2026-06-10;Versamento fondo pensione;100.0;EUR;expense;Investimenti;Cometa;;False;;;;
324;2026-06-11;Coop;80.46;EUR;expense;Alimentari;Coop;;False;;;;
316;2026-06-12;TIM fibra;29.9;EUR;expense;Bollette;TIM;;True;monthly;;;
325;2026-06-12;Sushi Ko;16.89;EUR;expense;Ristoranti;Sushi Ko;;False;;;;
326;2026-06-13;IP Station;63.84;EUR;expense;Trasporti;IP Station;;False;;;;
413;2026-06-15;Addebito estratto carta Visa;155.21;EUR;transfer;Carta di credito;Visa;;False;;;;
331;2026-06-16;Concerto;11.84;EUR;expense;Svago;Concerto;;False;;;;
330;2026-06-17;Decathlon;104.92;EUR;expense;Shopping;Decathlon;;False;;;;
318;2026-06-18;Spotify;10.99;EUR;expense;Abbonamenti;Spotify;;True;monthly;;;
327;2026-06-19;Coop;43.1;EUR;expense;Alimentari;Coop;;False;;;;
319;2026-06-20;Palestra FitActive;34.9;EUR;expense;Salute;FitActive;;True;monthly;;;
328;2026-06-20;Bar Centrale;14.58;EUR;expense;Ristoranti;Bar Centrale;;False;;;;
329;2026-06-26;Coop;109.13;EUR;expense;Alimentari;Coop;;False;;;;
312;2026-06-27;Stipendio ACME S.p.A.;2450.0;EUR;income;Stipendio;ACME S.p.A.;;True;monthly;;;
335;2026-07-01;Rata mutuo;858.4;EUR;expense;Casa;Intesa Sanpaolo;;True;monthly;;;
354;2026-07-01;Premio assicurazione casa;24.5;EUR;expense;Assicurazioni;UnipolSai;;True;monthly;;;
342;2026-07-02;Giroconto conto deposito;300.0;EUR;transfer;Risparmio;Illimity;;False;;;;
339;2026-07-03;Netflix;13.99;EUR;expense;Abbonamenti;Netflix;;True;monthly;;;
344;2026-07-03;Conad;97.74;EUR;expense;Alimentari;Conad;;False;;;;
345;2026-07-04;Sushi Ko;27.87;EUR;expense;Ristoranti;Sushi Ko;;False;;;;
336;2026-07-05;Rata prestito auto;276.6;EUR;expense;Prestiti;Agos;;True;monthly;;;
337;2026-07-08;Enel Energia — bolletta luce e gas;64.23;EUR;expense;Bollette;Enel Energia;;True;monthly;;;
352;2026-07-09;Prelievo bancomat;100.0;EUR;transfer;Contanti;Bancomat;;False;;;;
343;2026-07-10;Versamento fondo pensione;100.0;EUR;expense;Investimenti;Cometa;;False;;;;
346;2026-07-11;Conad;51.37;EUR;expense;Alimentari;Conad;;False;;;;
338;2026-07-12;TIM fibra;29.9;EUR;expense;Bollette;TIM;;True;monthly;;;
347;2026-07-12;Bar Centrale;62.05;EUR;expense;Ristoranti;Bar Centrale;;False;;;;
351;2026-07-14;Libreria Feltrinelli;41.53;EUR;expense;Svago;Libreria Feltrinelli;;False;;;;
414;2026-07-15;Addebito estratto carta Visa;194.25;EUR;transfer;Carta di credito;Visa;;False;;;;
340;2026-07-18;Spotify;10.99;EUR;expense;Abbonamenti;Spotify;;True;monthly;;;
341;2026-07-20;Palestra FitActive;34.9;EUR;expense;Salute;FitActive;;True;monthly;;;
348;2026-07-20;Conad;108.58;EUR;expense;Alimentari;Conad;;False;;;;
353;2026-07-25;Premio polizza vita;180.0;EUR;expense;Assicurazioni;Generali;;False;;;;
349;2026-07-26;Conad;71.69;EUR;expense;Alimentari;Conad;;False;;;;
334;2026-07-27;Stipendio ACME S.p.A.;2450.0;EUR;income;Stipendio;ACME S.p.A.;;True;monthly;;;
350;2026-07-28;Eni carburante;74.61;EUR;expense;Trasporti;Eni carburante;;False;;;;
356;2026-08-01;Rata mutuo;858.4;EUR;expense;Casa;Intesa Sanpaolo;;True;monthly;;;
375;2026-08-01;Premio assicurazione casa;24.5;EUR;expense;Assicurazioni;UnipolSai;;True;monthly;;;
363;2026-08-02;Giroconto conto deposito;300.0;EUR;transfer;Risparmio;Illimity;;False;;;;
365;2026-08-02;Coop;67.17;EUR;expense;Alimentari;Coop;;False;;;;
360;2026-08-03;Netflix;13.99;EUR;expense;Abbonamenti;Netflix;;True;monthly;;;
366;2026-08-04;Eni carburante;67.71;EUR;expense;Trasporti;Eni carburante;;False;;;;
357;2026-08-05;Rata prestito auto;276.6;EUR;expense;Prestiti;Agos;;True;monthly;;;
371;2026-08-07;Decathlon;130.53;EUR;expense;Shopping;Decathlon;;False;;;;
373;2026-08-07;Prelievo bancomat;100.0;EUR;transfer;Contanti;Bancomat;;False;;;;
358;2026-08-08;Enel Energia — bolletta luce e gas;46.16;EUR;expense;Bollette;Enel Energia;;True;monthly;;;
374;2026-08-09;Volo e hotel vacanze;1128.65;EUR;expense;Viaggi;Booking.com;;False;;;;
364;2026-08-10;Versamento fondo pensione;100.0;EUR;expense;Investimenti;Cometa;;False;;;;
367;2026-08-10;Lidl;45.25;EUR;expense;Alimentari;Lidl;;False;;;;
359;2026-08-12;TIM fibra;29.9;EUR;expense;Bollette;TIM;;True;monthly;;;
372;2026-08-14;Ottico;129.34;EUR;expense;Salute;Ottico;detraibile;False;;;;
415;2026-08-15;Addebito estratto carta Visa;156.43;EUR;transfer;Carta di credito;Visa;;False;;;;
368;2026-08-17;Lidl;74.95;EUR;expense;Alimentari;Lidl;;False;;;;
361;2026-08-18;Spotify;10.99;EUR;expense;Abbonamenti;Spotify;;True;monthly;;;
369;2026-08-19;IP Station;59.3;EUR;expense;Trasporti;IP Station;;False;;;;
362;2026-08-20;Palestra FitActive;34.9;EUR;expense;Salute;FitActive;;True;monthly;;;
370;2026-08-23;Coop;44.84;EUR;expense;Alimentari;Coop;;False;;;;
355;2026-08-27;Stipendio ACME S.p.A.;2450.0;EUR;income;Stipendio;ACME S.p.A.;;True;monthly;;;
378;2026-09-01;Rata mutuo;858.4;EUR;expense;Casa;Intesa Sanpaolo;;True;monthly;;;
399;2026-09-01;Premio assicurazione casa;24.5;EUR;expense;Assicurazioni;UnipolSai;;True;monthly;;;
385;2026-09-02;Giroconto conto deposito;300.0;EUR;transfer;Risparmio;Illimity;;False;;;;
387;2026-09-02;Coop;66.04;EUR;expense;Alimentari;Coop;;False;;;;
382;2026-09-03;Netflix;13.99;EUR;expense;Abbonamenti;Netflix;;True;monthly;;;
379;2026-09-05;Rata prestito auto;276.6;EUR;expense;Prestiti;Agos;;True;monthly;;;
380;2026-09-08;Enel Energia — bolletta luce e gas;47.15;EUR;expense;Bollette;Enel Energia;;True;monthly;;;
388;2026-09-08;Conad;51.57;EUR;expense;Alimentari;Conad;;False;;;;
389;2026-09-09;Ristorante Da Mario;39.01;EUR;expense;Ristoranti;Ristorante Da Mario;;False;;;;
386;2026-09-10;Versamento fondo pensione;100.0;EUR;expense;Investimenti;Cometa;;False;;;;
381;2026-09-12;TIM fibra;29.9;EUR;expense;Bollette;TIM;;True;monthly;;;
396;2026-09-13;Libreria Feltrinelli;20.64;EUR;expense;Svago;Libreria Feltrinelli;;False;;;;
398;2026-09-14;Prelievo bancomat;100.0;EUR;transfer;Contanti;Bancomat;;False;;;;
377;2026-09-15;Fattura consulenza;711.94;EUR;income;Lavoro autonomo;Studio Rossi;lavoro;False;;;;
416;2026-09-15;Addebito estratto carta Visa;1284.16;EUR;transfer;Carta di credito;Visa;;False;;;;
390;2026-09-16;Conad;45.92;EUR;expense;Alimentari;Conad;;False;;;;
391;2026-09-17;Bar Centrale;12.44;EUR;expense;Ristoranti;Bar Centrale;;False;;;;
383;2026-09-18;Spotify;10.99;EUR;expense;Abbonamenti;Spotify;;True;monthly;;;
392;2026-09-18;IP Station;69.53;EUR;expense;Trasporti;IP Station;;False;;;;
397;2026-09-19;Ottico;84.82;EUR;expense;Salute;Ottico;detraibile;False;;;;
384;2026-09-20;Palestra FitActive;34.9;EUR;expense;Salute;FitActive;;True;monthly;;;
376;2026-09-27;Stipendio ACME S.p.A.;2450.0;EUR;income;Stipendio;ACME S.p.A.;;True;monthly;;;
393;2026-09-27;Conad;59.66;EUR;expense;Alimentari;Conad;;False;;;;
394;2026-09-28;Pizzeria Napoli;62.41;EUR;expense;Ristoranti;Pizzeria Napoli;;False;;;;
395;2026-09-29;IP Station;55.16;EUR;expense;Trasporti;IP Station;;False;;;;
